,Year,Quarter,StateName,RegisteredUsers,AppOpens
0,2018,1,andaman & nicobar islands,6740,0
1,2018,1,andhra pradesh,3336450,0
2,2018,1,arunachal pradesh,21495,0
3,2018,1,assam,385237,0
4,2018,1,bihar,2133804,0
5,2018,1,chandigarh,86268,0
6,2018,1,chhattisgarh,679263,0
7,2018,1,dadra & nagar haveli & daman & diu,53258,0
8,2018,1,delhi,2087022,0
9,2018,1,goa,91936,0
10,2018,1,gujarat,2690048,0
11,2018,1,haryana,1847357,0
12,2018,1,himachal pradesh,227373,0
13,2018,1,jammu & kashmir,176425,0
14,2018,1,jharkhand,885762,0
15,2018,1,karnataka,3717763,0
16,2018,1,kerala,784184,0
17,2018,1,ladakh,8784,0
18,2018,1,lakshadweep,501,0
19,2018,1,madhya pradesh,2553603,0
20,2018,1,maharashtra,6106994,0
21,2018,1,manipur,29925,0
22,2018,1,meghalaya,18513,0
23,2018,1,mizoram,7593,0
24,2018,1,nagaland,15074,0
25,2018,1,odisha,1594015,0
26,2018,1,puducherry,49318,0
27,2018,1,punjab,847142,0
28,2018,1,rajasthan,3158202,0
29,2018,1,sikkim,20051,0
30,2018,1,tamil nadu,2104754,0
31,2018,1,telangana,3315560,0
32,2018,1,tripura,55157,0
33,2018,1,uttar pradesh,4694250,0
34,2018,1,uttarakhand,483043,0
35,2018,1,west bengal,2604789,0
36,2018,2,andaman & nicobar islands,9405,0
37,2018,2,andhra pradesh,4402540,0
38,2018,2,arunachal pradesh,32883,0
39,2018,2,assam,571046,0
40,2018,2,bihar,3005872,0
41,2018,2,chandigarh,115219,0
42,2018,2,chhattisgarh,950675,0
43,2018,2,dadra & nagar haveli & daman & diu,71458,0
44,2018,2,delhi,2756141,0
45,2018,2,goa,122174,0
46,2018,2,gujarat,3565825,0
47,2018,2,haryana,2447221,0
48,2018,2,himachal pradesh,315299,0
49,2018,2,jammu & kashmir,261609,0
50,2018,2,jharkhand,1230599,0
51,2018,2,karnataka,5030665,0
52,2018,2,kerala,1066587,0
53,2018,2,ladakh,12918,0
54,2018,2,lakshadweep,686,0
55,2018,2,madhya pradesh,3441662,0
56,2018,2,maharashtra,8222371,0
57,2018,2,manipur,46055,0
58,2018,2,meghalaya,26618,0
59,2018,2,mizoram,10422,0
60,2018,2,nagaland,22436,0
61,2018,2,odisha,2185781,0
62,2018,2,puducherry,65580,0
63,2018,2,punjab,1152190,0
64,2018,2,rajasthan,4212964,0
65,2018,2,sikkim,28097,0
66,2018,2,tamil nadu,2996036,0
67,2018,2,telangana,4260115,0
68,2018,2,tripura,83369,0
69,2018,2,uttar pradesh,6442554,0
70,2018,2,uttarakhand,649142,0
71,2018,2,west bengal,3833795,0
72,2018,3,andaman & nicobar islands,12149,0
73,2018,3,andhra pradesh,5427617,0
74,2018,3,arunachal pradesh,45922,0
75,2018,3,assam,784802,0
76,2018,3,bihar,3784535,0
77,2018,3,chandigarh,143893,0
78,2018,3,chhattisgarh,1217792,0
79,2018,3,dadra & nagar haveli & daman & diu,92107,0
80,2018,3,delhi,3504911,0
81,2018,3,goa,153802,0
82,2018,3,gujarat,4433183,0
83,2018,3,haryana,3020398,0
84,2018,3,himachal pradesh,407634,0
85,2018,3,jammu & kashmir,342529,0
86,2018,3,jharkhand,1532362,0
87,2018,3,karnataka,6372649,0
88,2018,3,kerala,1347598,0
89,2018,3,ladakh,17749,0
90,2018,3,lakshadweep,918,0
91,2018,3,madhya pradesh,4309309,0
92,2018,3,maharashtra,10435033,0
93,2018,3,manipur,61935,0
94,2018,3,meghalaya,37281,0
95,2018,3,mizoram,14502,0
96,2018,3,nagaland,32090,0
97,2018,3,odisha,2795718,0
98,2018,3,puducherry,81546,0
99,2018,3,punjab,1473148,0
100,2018,3,rajasthan,5175453,0
101,2018,3,sikkim,37637,0
102,2018,3,tamil nadu,3900177,0
103,2018,3,telangana,5138501,0
104,2018,3,tripura,116874,0
105,2018,3,uttar pradesh,8096483,0
106,2018,3,uttarakhand,810612,0
107,2018,3,west bengal,4851740,0
108,2018,4,andaman & nicobar islands,15222,0
109,2018,4,andhra pradesh,6857409,0
110,2018,4,arunachal pradesh,61852,0
111,2018,4,assam,1039221,0
112,2018,4,bihar,4776665,0
113,2018,4,chandigarh,177747,0
114,2018,4,chhattisgarh,1579998,0
115,2018,4,dadra & nagar haveli & daman & diu,116511,0
116,2018,4,delhi,4630313,0
117,2018,4,goa,195350,0
118,2018,4,gujarat,5579040,0
119,2018,4,haryana,3793079,0
120,2018,4,himachal pradesh,526343,0
121,2018,4,jammu & kashmir,436563,0
122,2018,4,jharkhand,1913949,0
123,2018,4,karnataka,8315802,0
124,2018,4,kerala,1757326,0
125,2018,4,ladakh,23883,0
126,2018,4,lakshadweep,1156,0
127,2018,4,madhya pradesh,5365442,0
128,2018,4,maharashtra,13381602,0
129,2018,4,manipur,82589,0
130,2018,4,meghalaya,49634,0
131,2018,4,mizoram,19365,0
132,2018,4,nagaland,42997,0
133,2018,4,odisha,3623911,0
134,2018,4,puducherry,109494,0
135,2018,4,punjab,1865715,0
136,2018,4,rajasthan,6358738,0
137,2018,4,sikkim,48538,0
138,2018,4,tamil nadu,5199878,0
139,2018,4,telangana,6529679,0
140,2018,4,tripura,153265,0
141,2018,4,uttar pradesh,10341964,0
142,2018,4,uttarakhand,1012103,0
143,2018,4,west bengal,6279278,0
144,2019,1,andaman & nicobar islands,18596,0
145,2019,1,andhra pradesh,8283019,0
146,2019,1,arunachal pradesh,76957,0
147,2019,1,assam,1259085,0
148,2019,1,bihar,5745117,0
149,2019,1,chandigarh,209175,0
150,2019,1,chhattisgarh,1908898,0
151,2019,1,dadra & nagar haveli & daman & diu,140532,0
152,2019,1,delhi,5499263,0
153,2019,1,goa,238152,0
154,2019,1,gujarat,6652536,0
155,2019,1,haryana,4538767,0
156,2019,1,himachal pradesh,653205,0
157,2019,1,jammu & kashmir,530669,0
158,2019,1,jharkhand,2279329,0
159,2019,1,karnataka,10266174,0
160,2019,1,kerala,2136624,0
161,2019,1,ladakh,29649,0
162,2019,1,lakshadweep,1416,0
163,2019,1,madhya pradesh,6414403,0
164,2019,1,maharashtra,16284451,0
165,2019,1,manipur,99527,0
166,2019,1,meghalaya,61487,0
167,2019,1,mizoram,23670,0
168,2019,1,nagaland,53911,0
169,2019,1,odisha,4320744,0
170,2019,1,puducherry,133059,0
171,2019,1,punjab,2226590,0
172,2019,1,rajasthan,7712204,0
173,2019,1,sikkim,58956,0
174,2019,1,tamil nadu,6296303,0
175,2019,1,telangana,7963425,0
176,2019,1,tripura,183254,0
177,2019,1,uttar pradesh,12458661,0
178,2019,1,uttarakhand,1224955,0
179,2019,1,west bengal,7449425,0
180,2019,2,andaman & nicobar islands,21731,52640
181,2019,2,andhra pradesh,9389003,81375251
182,2019,2,arunachal pradesh,95885,502873
183,2019,2,assam,1500128,7350326
184,2019,2,bihar,6589759,39607022
185,2019,2,chandigarh,240439,1220176
186,2019,2,chhattisgarh,2191066,13206373
187,2019,2,dadra & nagar haveli & daman & diu,158580,860686
188,2019,2,delhi,6165448,43731570
189,2019,2,goa,278940,1352232
190,2019,2,gujarat,7574645,34890301
191,2019,2,haryana,5178030,31929195
192,2019,2,himachal pradesh,772603,3321711
193,2019,2,jammu & kashmir,631193,2705373
194,2019,2,jharkhand,2604854,14929066
195,2019,2,karnataka,11968087,113024811
196,2019,2,kerala,2550167,8673220
197,2019,2,ladakh,35516,157317
198,2019,2,lakshadweep,1747,4580
199,2019,2,madhya pradesh,7301172,50642151
200,2019,2,maharashtra,18776975,109967705
201,2019,2,manipur,117747,464829
202,2019,2,meghalaya,74746,395764
203,2019,2,mizoram,28696,133025
204,2019,2,nagaland,66891,362497
205,2019,2,odisha,4845359,33955545
206,2019,2,puducherry,156458,661932
207,2019,2,punjab,2600112,10928094
208,2019,2,rajasthan,8783935,62787336
209,2019,2,sikkim,70999,398520
210,2019,2,tamil nadu,7429609,33658961
211,2019,2,telangana,9046007,80842302
212,2019,2,tripura,217644,953627
213,2019,2,uttar pradesh,14316349,78394040
214,2019,2,uttarakhand,1414339,7454279
215,2019,2,west bengal,8612795,49514201
216,2019,3,andaman & nicobar islands,23931,171107
217,2019,3,andhra pradesh,10458693,310953542
218,2019,3,arunachal pradesh,112149,1811700
219,2019,3,assam,1731523,25393673
220,2019,3,bihar,7380265,126521298
221,2019,3,chandigarh,267337,4625196
222,2019,3,chhattisgarh,2435058,46362341
223,2019,3,dadra & nagar haveli & daman & diu,176929,3126189
224,2019,3,delhi,6782286,163381027
225,2019,3,goa,317194,4753892
226,2019,3,gujarat,8429299,129441484
227,2019,3,haryana,5783752,118332587
228,2019,3,himachal pradesh,876184,10720741
229,2019,3,jammu & kashmir,658455,3843919
230,2019,3,jharkhand,2915511,55504460
231,2019,3,karnataka,13635075,445683660
232,2019,3,kerala,2990963,31471694
233,2019,3,ladakh,39173,503126
234,2019,3,lakshadweep,2117,15038
235,2019,3,madhya pradesh,8180664,192353380
236,2019,3,maharashtra,21313081,439998413
237,2019,3,manipur,136316,1594205
238,2019,3,meghalaya,87395,1387814
239,2019,3,mizoram,34134,457834
240,2019,3,nagaland,80077,1244022
241,2019,3,odisha,5387209,130181456
242,2019,3,puducherry,177868,2476922
243,2019,3,punjab,2962713,40860886
244,2019,3,rajasthan,9797304,238338999
245,2019,3,sikkim,82128,1316804
246,2019,3,tamil nadu,8428835,124690342
247,2019,3,telangana,10090557,318124511
248,2019,3,tripura,245456,3350991
249,2019,3,uttar pradesh,16044607,268142606
250,2019,3,uttarakhand,1585859,24660988
251,2019,3,west bengal,9643222,176559011
252,2019,4,andaman & nicobar islands,25960,177012
253,2019,4,andhra pradesh,11757883,411201518
254,2019,4,arunachal pradesh,129321,2140340
255,2019,4,assam,1941220,26599449
256,2019,4,bihar,8342274,163998097
257,2019,4,chandigarh,289590,4960441
258,2019,4,chhattisgarh,2725900,57278977
259,2019,4,dadra & nagar haveli & daman & diu,197598,3770543
260,2019,4,delhi,7289883,172682671
261,2019,4,goa,353546,6290543
262,2019,4,gujarat,9323799,147973757
263,2019,4,haryana,6366679,136721888
264,2019,4,himachal pradesh,985945,12637904
265,2019,4,jammu & kashmir,673367,998572
266,2019,4,jharkhand,3281371,70181789
267,2019,4,karnataka,15385416,569674870
268,2019,4,kerala,3503938,40046033
269,2019,4,ladakh,43108,470440
270,2019,4,lakshadweep,2427,17760
271,2019,4,madhya pradesh,9165241,237844976
272,2019,4,maharashtra,23745297,543654112
273,2019,4,manipur,155358,1855488
274,2019,4,meghalaya,100030,1490542
275,2019,4,mizoram,39809,529168
276,2019,4,nagaland,93124,1454551
277,2019,4,odisha,6115537,189905719
278,2019,4,puducherry,204292,3263122
279,2019,4,punjab,3321742,47673880
280,2019,4,rajasthan,10925031,288904693
281,2019,4,sikkim,92972,1552004
282,2019,4,tamil nadu,9620493,155011717
283,2019,4,telangana,11220691,399239044
284,2019,4,tripura,272298,3610807
285,2019,4,uttar pradesh,17949542,324068625
286,2019,4,uttarakhand,1752677,28853867
287,2019,4,west bengal,10885058,244326613
288,2020,1,andaman & nicobar islands,28368,193586
289,2020,1,andhra pradesh,13022060,486513773
290,2020,1,arunachal pradesh,149066,2598321
291,2020,1,assam,2185938,33097892
292,2020,1,bihar,9351234,183868505
293,2020,1,chandigarh,312887,5201211
294,2020,1,chhattisgarh,3016487,64224101
295,2020,1,dadra & nagar haveli & daman & diu,218496,4195122
296,2020,1,delhi,7826197,178263986
297,2020,1,goa,391900,7147233
298,2020,1,gujarat,10259843,165605122
299,2020,1,haryana,7018770,157793468
300,2020,1,himachal pradesh,1106025,14640104
301,2020,1,jammu & kashmir,735408,4476894
302,2020,1,jharkhand,3651393,74014713
303,2020,1,karnataka,17016980,626488036
304,2020,1,kerala,4078316,46396398
305,2020,1,ladakh,47790,590484
306,2020,1,lakshadweep,2772,21982
307,2020,1,madhya pradesh,10151371,262452480
308,2020,1,maharashtra,26168390,615146568
309,2020,1,manipur,177374,2175642
310,2020,1,meghalaya,113814,1716211
311,2020,1,mizoram,46499,644683
312,2020,1,nagaland,107143,1684520
313,2020,1,odisha,6652970,175918622
314,2020,1,puducherry,230908,3820943
315,2020,1,punjab,3739502,53853710
316,2020,1,rajasthan,12142053,341815756
317,2020,1,sikkim,104631,1697163
318,2020,1,tamil nadu,10872368,179908753
319,2020,1,telangana,12306860,454723816
320,2020,1,tripura,299962,4063223
321,2020,1,uttar pradesh,20136256,374282083
322,2020,1,uttarakhand,1943606,32631265
323,2020,1,west bengal,11960822,207068218
324,2020,2,andaman & nicobar islands,32710,305072
325,2020,2,andhra pradesh,14319675,494341698
326,2020,2,arunachal pradesh,177534,3387006
327,2020,2,assam,2550883,39304924
328,2020,2,bihar,10603767,218435035
329,2020,2,chandigarh,336351,3451250
330,2020,2,chhattisgarh,3401658,68493384
331,2020,2,dadra & nagar haveli & daman & diu,244814,4505127
332,2020,2,delhi,8391139,142852253
333,2020,2,goa,430639,5310126
334,2020,2,gujarat,11392657,155264359
335,2020,2,haryana,7682878,143650123
336,2020,2,himachal pradesh,1249867,16125580
337,2020,2,jammu & kashmir,845294,9856653
338,2020,2,jharkhand,4061035,76339276
339,2020,2,karnataka,18655366,490510075
340,2020,2,kerala,4728844,45832953
341,2020,2,ladakh,53034,695673
342,2020,2,lakshadweep,3187,29202
343,2020,2,madhya pradesh,11374423,253770044
344,2020,2,maharashtra,28765086,506354812
345,2020,2,manipur,215496,3011491
346,2020,2,meghalaya,136211,2205253
347,2020,2,mizoram,55574,739308
348,2020,2,nagaland,130205,2119279
349,2020,2,odisha,7258315,154682772
350,2020,2,puducherry,255600,3057608
351,2020,2,punjab,4225481,51289576
352,2020,2,rajasthan,13563201,329941181
353,2020,2,sikkim,119921,1912335
354,2020,2,tamil nadu,12150786,144907447
355,2020,2,telangana,13378191,367130505
356,2020,2,tripura,336666,4443221
357,2020,2,uttar pradesh,22498519,383703534
358,2020,2,uttarakhand,2148567,31074793
359,2020,2,west bengal,13222022,198589332
360,2020,3,andaman & nicobar islands,41335,515565
361,2020,3,andhra pradesh,15692405,696300382
362,2020,3,arunachal pradesh,206046,4003421
363,2020,3,assam,2830011,41875278
364,2020,3,bihar,11763213,266652644
365,2020,3,chandigarh,362588,4888739
366,2020,3,chhattisgarh,3799386,86918606
367,2020,3,dadra & nagar haveli & daman & diu,267946,4421499
368,2020,3,delhi,9044174,190025029
369,2020,3,goa,474962,6129766
370,2020,3,gujarat,12467847,184402472
371,2020,3,haryana,8398816,188614769
372,2020,3,himachal pradesh,1378634,18411750
373,2020,3,jammu & kashmir,949819,11443454
374,2020,3,jharkhand,4480027,99318784
375,2020,3,karnataka,20487550,693683212
376,2020,3,kerala,5582300,64309022
377,2020,3,ladakh,58401,1015680
378,2020,3,lakshadweep,3644,32128
379,2020,3,madhya pradesh,12564224,324850994
380,2020,3,maharashtra,31409513,668197101
381,2020,3,manipur,258563,3552375
382,2020,3,meghalaya,157741,2384534
383,2020,3,mizoram,68315,924865
384,2020,3,nagaland,173106,2868642
385,2020,3,odisha,7901755,205597666
386,2020,3,puducherry,285173,4222159
387,2020,3,punjab,4694233,58946732
388,2020,3,rajasthan,14969412,436682870
389,2020,3,sikkim,134773,2156470
390,2020,3,tamil nadu,13643451,194683284
391,2020,3,telangana,14590882,527781925
392,2020,3,tripura,376731,5777908
393,2020,3,uttar pradesh,24838116,450784508
394,2020,3,uttarakhand,2365438,40377348
395,2020,3,west bengal,14448366,246554831
396,2020,4,andaman & nicobar islands,52396,887208
397,2020,4,andhra pradesh,17076565,869078538
398,2020,4,arunachal pradesh,231292,4472667
399,2020,4,assam,3106153,49321814
400,2020,4,bihar,12889833,317056600
401,2020,4,chandigarh,391402,6477974
402,2020,4,chhattisgarh,4190601,109900467
403,2020,4,dadra & nagar haveli & daman & diu,296493,6196436
404,2020,4,delhi,9747968,243433752
405,2020,4,goa,527584,10991118
406,2020,4,gujarat,13605203,230497353
407,2020,4,haryana,9129873,236101307
408,2020,4,himachal pradesh,1508766,22001148
409,2020,4,jammu & kashmir,1079022,16018751
410,2020,4,jharkhand,4917938,126310835
411,2020,4,karnataka,22400182,935510690
412,2020,4,kerala,6387169,91415273
413,2020,4,ladakh,64853,1232757
414,2020,4,lakshadweep,4179,41144
415,2020,4,madhya pradesh,13737947,405571446
416,2020,4,maharashtra,34432631,952006770
417,2020,4,manipur,288772,3783432
418,2020,4,meghalaya,176447,2745917
419,2020,4,mizoram,78731,1096182
420,2020,4,nagaland,192188,2922121
421,2020,4,odisha,8598751,270085293
422,2020,4,puducherry,319626,6377136
423,2020,4,punjab,5157868,71191183
424,2020,4,rajasthan,16329494,511015109
425,2020,4,sikkim,148543,2478670
426,2020,4,tamil nadu,15357586,288233552
427,2020,4,telangana,15927797,764614235
428,2020,4,tripura,409110,6017249
429,2020,4,uttar pradesh,27249134,552220798
430,2020,4,uttarakhand,2596244,52564888
431,2020,4,west bengal,15662093,291721919
432,2021,1,andaman & nicobar islands,57758,1004336
433,2021,1,andhra pradesh,18363733,957709447
434,2021,1,arunachal pradesh,251240,4796708
435,2021,1,assam,3358448,56752364
436,2021,1,bihar,13946288,355792608
437,2021,1,chandigarh,419998,7919533
438,2021,1,chhattisgarh,4514551,124648704
439,2021,1,dadra & nagar haveli & daman & diu,321396,7302462
440,2021,1,delhi,10467210,281201600
441,2021,1,goa,570035,15467672
442,2021,1,gujarat,14670126,264732874
443,2021,1,haryana,9827905,266686683
444,2021,1,himachal pradesh,1622951,24228094
445,2021,1,jammu & kashmir,1174818,18834009
446,2021,1,jharkhand,5313049,141731331
447,2021,1,karnataka,24095832,1084917385
448,2021,1,kerala,6936943,108918733
449,2021,1,ladakh,69919,1184204
450,2021,1,lakshadweep,4577,47283
451,2021,1,madhya pradesh,14839427,482500276
452,2021,1,maharashtra,37077537,1101976484
453,2021,1,manipur,312668,3709227
454,2021,1,meghalaya,190869,2939026
455,2021,1,mizoram,85750,1193214
456,2021,1,nagaland,207808,2980581
457,2021,1,odisha,9233009,301315474
458,2021,1,puducherry,346279,7914507
459,2021,1,punjab,5568777,81052268
460,2021,1,rajasthan,17661088,632535059
461,2021,1,sikkim,160213,2795331
462,2021,1,tamil nadu,16632608,348801714
463,2021,1,telangana,17149069,920040042
464,2021,1,tripura,439636,6009660
465,2021,1,uttar pradesh,29482075,639718324
466,2021,1,uttarakhand,2802122,59282260
467,2021,1,west bengal,16808799,316832674
468,2021,2,andaman & nicobar islands,62095,2248223
469,2021,2,andhra pradesh,19620905,1044705436
470,2021,2,arunachal pradesh,270572,13025849
471,2021,2,assam,3617056,102003890
472,2021,2,bihar,14972134,371198660
473,2021,2,chandigarh,448572,4733924
474,2021,2,chhattisgarh,4837055,205784717
475,2021,2,dadra & nagar haveli & daman & diu,344994,5062983
476,2021,2,delhi,11182699,164997774
477,2021,2,goa,609106,12710361
478,2021,2,gujarat,15735981,282432543
479,2021,2,haryana,10530594,234052506
480,2021,2,himachal pradesh,1743151,43269977
481,2021,2,jammu & kashmir,1261267,34274559
482,2021,2,jharkhand,5701503,184234107
483,2021,2,karnataka,25751023,1051089714
484,2021,2,kerala,7416083,87814415
485,2021,2,ladakh,75048,4391632
486,2021,2,lakshadweep,4896,40301
487,2021,2,madhya pradesh,15940935,727741649
488,2021,2,maharashtra,39664697,1208083592
489,2021,2,manipur,335409,7269002
490,2021,2,meghalaya,205686,7290804
491,2021,2,mizoram,92552,4014597
492,2021,2,nagaland,223337,6716892
493,2021,2,odisha,9891029,367576494
494,2021,2,puducherry,369961,5178916
495,2021,2,punjab,5976548,85894089
496,2021,2,rajasthan,18980985,1072091232
497,2021,2,sikkim,171740,4541121
498,2021,2,tamil nadu,17804542,343968474
499,2021,2,telangana,18306880,905317692
500,2021,2,tripura,472153,9500881
501,2021,2,uttar pradesh,31651894,673598864
502,2021,2,uttarakhand,3004040,78380036
503,2021,2,west bengal,17979979,275341466
504,2021,3,andaman & nicobar islands,66982,3121625
505,2021,3,andhra pradesh,21059898,1258536879
506,2021,3,arunachal pradesh,293073,17209654
507,2021,3,assam,3918480,135288631
508,2021,3,bihar,16160771,421801379
509,2021,3,chandigarh,480463,6378807
510,2021,3,chhattisgarh,5206084,276486076
511,2021,3,dadra & nagar haveli & daman & diu,371874,7162734
512,2021,3,delhi,11980061,223844376
513,2021,3,goa,653458,16575111
514,2021,3,gujarat,16946761,379987151
515,2021,3,haryana,11325336,296884105
516,2021,3,himachal pradesh,1880626,52970288
517,2021,3,jammu & kashmir,1359860,45025197
518,2021,3,jharkhand,6151843,230475998
519,2021,3,karnataka,27614221,1366781087
520,2021,3,kerala,7949425,116282717
521,2021,3,ladakh,81210,7099550
522,2021,3,lakshadweep,5287,49127
523,2021,3,madhya pradesh,17210233,929572924
524,2021,3,maharashtra,42581217,1565370852
525,2021,3,manipur,361749,9743772
526,2021,3,meghalaya,223065,9952956
527,2021,3,mizoram,100647,5385718
528,2021,3,nagaland,241797,8661991
529,2021,3,odisha,10652490,492879704
530,2021,3,puducherry,396609,6899592
531,2021,3,punjab,6434862,107614155
532,2021,3,rajasthan,20499465,1429553825
533,2021,3,sikkim,184693,5714565
534,2021,3,tamil nadu,19127440,459826734
535,2021,3,telangana,19615278,1107529197
536,2021,3,tripura,509929,12279146
537,2021,3,uttar pradesh,34151882,803890116
538,2021,3,uttarakhand,3233509,90886530
539,2021,3,west bengal,19323278,348588666
540,2021,4,andaman & nicobar islands,71780,2112910
541,2021,4,andhra pradesh,22489029,1447717601
542,2021,4,arunachal pradesh,314944,11230295
543,2021,4,assam,4209591,130600435
544,2021,4,bihar,17335981,647400838
545,2021,4,chandigarh,512092,11603954
546,2021,4,chhattisgarh,5565481,251752583
547,2021,4,dadra & nagar haveli & daman & diu,398963,15009455
548,2021,4,delhi,12785127,345669353
549,2021,4,goa,697178,28288254
550,2021,4,gujarat,18139201,487846209
551,2021,4,haryana,12116439,442176987
552,2021,4,himachal pradesh,2013747,47670982
553,2021,4,jammu & kashmir,1456810,36012148
554,2021,4,jharkhand,6596196,284960009
555,2021,4,karnataka,29459646,1941558513
556,2021,4,kerala,8473810,213542857
557,2021,4,ladakh,87057,2665203
558,2021,4,lakshadweep,5638,67320
559,2021,4,madhya pradesh,18456243,956630781
560,2021,4,maharashtra,45482506,2031739248
561,2021,4,manipur,387746,7603294
562,2021,4,meghalaya,240268,6048594
563,2021,4,mizoram,108405,2094118
564,2021,4,nagaland,259990,6383337
565,2021,4,odisha,11399235,567351446
566,2021,4,puducherry,423167,14257568
567,2021,4,punjab,6880103,138427499
568,2021,4,rajasthan,21977202,1185124031
569,2021,4,sikkim,197407,5525552
570,2021,4,tamil nadu,20433142,685861440
571,2021,4,telangana,20917649,1407599392
572,2021,4,tripura,546292,10728702
573,2021,4,uttar pradesh,36617655,1175923794
574,2021,4,uttarakhand,3460015,110928354
575,2021,4,west bengal,20644527,512335839
576,2022,1,andaman & nicobar islands,76288,3847407
577,2022,1,andhra pradesh,23857951,1254785973
578,2022,1,arunachal pradesh,335339,41418559
579,2022,1,assam,4492589,281642453
580,2022,1,bihar,18484658,316991599
581,2022,1,chandigarh,541549,2321685
582,2022,1,chhattisgarh,5916961,448503438
583,2022,1,dadra & nagar haveli & daman & diu,424570,3910792
584,2022,1,delhi,13539197,57524153
585,2022,1,goa,738628,18678798
586,2022,1,gujarat,19265314,521776939
587,2022,1,haryana,12866988,217228467
588,2022,1,himachal pradesh,2143483,77278278
589,2022,1,jammu & kashmir,1549320,62115857
590,2022,1,jharkhand,7025275,331355981
591,2022,1,karnataka,31200349,1727054045
592,2022,1,kerala,8972299,94047893
593,2022,1,ladakh,92492,8902080
594,2022,1,lakshadweep,5990,45410
595,2022,1,madhya pradesh,19656147,1678266475
596,2022,1,maharashtra,48227630,2157769514
597,2022,1,manipur,411900,22637747
598,2022,1,meghalaya,255839,23634106
599,2022,1,mizoram,115295,14886657
600,2022,1,nagaland,276483,24206053
601,2022,1,odisha,12124779,613855465
602,2022,1,puducherry,448051,3938657
603,2022,1,punjab,7302726,117482807
604,2022,1,rajasthan,23398857,2570606469
605,2022,1,sikkim,209616,12440193
606,2022,1,tamil nadu,21667020,638490275
607,2022,1,telangana,22150612,1168864524
608,2022,1,tripura,582124,19322963
609,2022,1,uttar pradesh,38999692,836926025
610,2022,1,uttarakhand,3674829,115224382
611,2022,1,west bengal,21919787,236131065
612,2022,2,andaman & nicobar islands,80530,5180013
613,2022,2,andhra pradesh,25157264,1378736856
614,2022,2,arunachal pradesh,354528,49889518
615,2022,2,assam,4755787,339929089
616,2022,2,bihar,19569894,348588438
617,2022,2,chandigarh,569582,2285979
618,2022,2,chhattisgarh,6238349,501411120
619,2022,2,dadra & nagar haveli & daman & diu,449016,3886292
620,2022,2,delhi,14260143,52553080
621,2022,2,goa,777779,19062157
622,2022,2,gujarat,20321596,609943436
623,2022,2,haryana,13576065,236091309
624,2022,2,himachal pradesh,2264407,102488683
625,2022,2,jammu & kashmir,1635570,89986310
626,2022,2,jharkhand,7426174,379053485
627,2022,2,karnataka,32831447,2065359837
628,2022,2,kerala,9442533,98876392
629,2022,2,ladakh,97517,14768129
630,2022,2,lakshadweep,6327,38450
631,2022,2,madhya pradesh,20766417,1902866132
632,2022,2,maharashtra,50802786,2492946019
633,2022,2,manipur,434563,26236900
634,2022,2,meghalaya,269943,27458992
635,2022,2,mizoram,121535,16646550
636,2022,2,nagaland,292104,28652431
637,2022,2,odisha,12801990,670311093
638,2022,2,puducherry,471663,3830290
639,2022,2,punjab,7702100,138965337
640,2022,2,rajasthan,24716181,2771434947
641,2022,2,sikkim,220994,16993937
642,2022,2,tamil nadu,22829720,740265406
643,2022,2,telangana,23314363,1276259370
644,2022,2,tripura,615782,21343111
645,2022,2,uttar pradesh,41247289,947480495
646,2022,2,uttarakhand,3877056,156465685
647,2022,2,west bengal,23124388,250276369
648,2022,3,andaman & nicobar islands,84642,6068354
649,2022,3,andhra pradesh,26496330,1357005703
650,2022,3,arunachal pradesh,373372,59722628
651,2022,3,assam,5016910,410760707
652,2022,3,bihar,20694376,336807385
653,2022,3,chandigarh,598698,2173356
654,2022,3,chhattisgarh,6562237,543206487
655,2022,3,dadra & nagar haveli & daman & diu,474807,3837881
656,2022,3,delhi,15009523,49919498
657,2022,3,goa,817830,19712764
658,2022,3,gujarat,21394721,699121904
659,2022,3,haryana,14303933,265475161
660,2022,3,himachal pradesh,2381576,108832538
661,2022,3,jammu & kashmir,1719185,109346235
662,2022,3,jharkhand,7836429,414228860
663,2022,3,karnataka,34493994,2148016434
664,2022,3,kerala,9933977,104565833
665,2022,3,ladakh,102299,19734781
666,2022,3,lakshadweep,6645,18111
667,2022,3,madhya pradesh,21884220,2026371749
668,2022,3,maharashtra,53432602,2638663712
669,2022,3,manipur,457063,26011343
670,2022,3,meghalaya,283487,32596135
671,2022,3,mizoram,127735,15557163
672,2022,3,nagaland,307386,31229366
673,2022,3,odisha,13493282,725475924
674,2022,3,puducherry,496570,4186911
675,2022,3,punjab,8097582,154625731
676,2022,3,rajasthan,26042948,3299787866
677,2022,3,sikkim,232025,18748536
678,2022,3,tamil nadu,24019964,866738343
679,2022,3,telangana,24506111,1255597644
680,2022,3,tripura,649143,24123569
681,2022,3,uttar pradesh,43537920,1035702397
682,2022,3,uttarakhand,4081976,152803850
683,2022,3,west bengal,24372048,256445748
684,2022,4,andaman & nicobar islands,88442,4354093
685,2022,4,andhra pradesh,27778016,1673374802
686,2022,4,arunachal pradesh,390307,21775038
687,2022,4,assam,5247776,248781157
688,2022,4,bihar,21738117,834827202
689,2022,4,chandigarh,627563,15308862
690,2022,4,chhattisgarh,6846822,354976814
691,2022,4,dadra & nagar haveli & daman & diu,500125,24066770
692,2022,4,delhi,15764149,401864749
693,2022,4,goa,855202,43005212
694,2022,4,gujarat,22412353,790984595
695,2022,4,haryana,14994944,556898878
696,2022,4,himachal pradesh,2483076,72355717
697,2022,4,jammu & kashmir,1793434,60205865
698,2022,4,jharkhand,8217638,396098729
699,2022,4,karnataka,36081698,3011645011
700,2022,4,kerala,10382102,346981849
701,2022,4,ladakh,106337,3832339
702,2022,4,lakshadweep,6961,72377
703,2022,4,madhya pradesh,22913924,1388282818
704,2022,4,maharashtra,55954028,2982202696
705,2022,4,manipur,477292,12462732
706,2022,4,meghalaya,295322,10105924
707,2022,4,mizoram,132870,3144551
708,2022,4,nagaland,321205,11171582
709,2022,4,odisha,14127239,726099254
710,2022,4,puducherry,520649,24144184
711,2022,4,punjab,8462753,199899443
712,2022,4,rajasthan,27255927,1537424924
713,2022,4,sikkim,241968,8948864
714,2022,4,tamil nadu,25136112,1229187623
715,2022,4,telangana,25656381,1731228513
716,2022,4,tripura,678741,16107610
717,2022,4,uttar pradesh,45648650,1682003791
718,2022,4,uttarakhand,4272049,160685547
719,2022,4,west bengal,25536381,678066327
720,2023,1,andaman & nicobar islands,92484,11012664
721,2023,1,andhra pradesh,29065863,1442038420
722,2023,1,arunachal pradesh,408273,88997458
723,2023,1,assam,5499650,590176321
724,2023,1,bihar,22796011,455886560
725,2023,1,chandigarh,654522,2001065
726,2023,1,chhattisgarh,7159660,678798431
727,2023,1,dadra & nagar haveli & daman & diu,524617,4471284
728,2023,1,delhi,16480011,51049789
729,2023,1,goa,892185,22829931
730,2023,1,gujarat,23436230,918468944
731,2023,1,haryana,15688161,264946266
732,2023,1,himachal pradesh,2594668,111702044
733,2023,1,jammu & kashmir,1873039,134828711
734,2023,1,jharkhand,8609107,585808867
735,2023,1,karnataka,37681426,2498025288
736,2023,1,kerala,10822723,116395880
737,2023,1,ladakh,110991,14522495
738,2023,1,lakshadweep,7267,43821
739,2023,1,madhya pradesh,24002818,2588256407
740,2023,1,maharashtra,58470784,3144152925
741,2023,1,manipur,498337,29419074
742,2023,1,meghalaya,308324,44686919
743,2023,1,mizoram,138751,24403694
744,2023,1,nagaland,335936,35227154
745,2023,1,odisha,14787083,929487633
746,2023,1,puducherry,543819,3498429
747,2023,1,punjab,8837408,177418342
748,2023,1,rajasthan,28523031,3711332541
749,2023,1,sikkim,252440,18927227
750,2023,1,tamil nadu,26270663,989061650
751,2023,1,telangana,26804259,1305656447
752,2023,1,tripura,710884,29736641
753,2023,1,uttar pradesh,47806049,1401343916
754,2023,1,uttarakhand,4464369,181738693
755,2023,1,west bengal,26732895,321102681
756,2023,2,andaman & nicobar islands,96329,14738676
757,2023,2,andhra pradesh,30240061,1427952434
758,2023,2,arunachal pradesh,426410,106089520
759,2023,2,assam,5749682,657069673
760,2023,2,bihar,23781971,556071386
761,2023,2,chandigarh,678662,1978988
762,2023,2,chhattisgarh,7469508,749111705
763,2023,2,dadra & nagar haveli & daman & diu,546364,4086025
764,2023,2,delhi,17103089,51415039
765,2023,2,goa,926020,20219644
766,2023,2,gujarat,24396768,1057626015
767,2023,2,haryana,16314236,298037706
768,2023,2,himachal pradesh,2706470,136774775
769,2023,2,jammu & kashmir,1953132,209249141
770,2023,2,jharkhand,8980709,657119942
771,2023,2,karnataka,39122314,2521576765
772,2023,2,kerala,11237341,121310794
773,2023,2,ladakh,115736,26285520
774,2023,2,lakshadweep,7585,90501
775,2023,2,madhya pradesh,25042930,2945628722
776,2023,2,maharashtra,60766850,3363859330
777,2023,2,manipur,519799,14076037
778,2023,2,meghalaya,322382,47337234
779,2023,2,mizoram,145061,21868647
780,2023,2,nagaland,351024,33612080
781,2023,2,odisha,15420061,918449931
782,2023,2,puducherry,564431,3817041
783,2023,2,punjab,9197055,218492661
784,2023,2,rajasthan,29745609,4033000288
785,2023,2,sikkim,262728,28470875
786,2023,2,tamil nadu,27317599,991611987
787,2023,2,telangana,27814633,1339967792
788,2023,2,tripura,743024,30819207
789,2023,2,uttar pradesh,49829833,1731600947
790,2023,2,uttarakhand,4645322,240804293
791,2023,2,west bengal,27827662,350862668
